"male","hh_ID","rooms","males_tot","age","ppl_total","num_child","bedrooms","dependency_rate","computer","disabled_ppl","water_inside","years_of_schooling","Target"
"1","21eb7fcc1",3,1,43,1,0,1,30,"0","0","1",10,"4"
"1","0e5d7a658",4,1,67,1,0,1,29,"0","0","1",12,"4"
"0","2c7317ea8",8,0,92,1,0,2,29,"0","1","1",11,"4"
"1","2b58d945f",5,2,17,4,2,3,31,"0","0","1",9,"4"
"0","2b58d945f",5,2,37,4,2,3,31,"0","0","1",11,"4"
"1","2b58d945f",5,2,38,4,2,3,31,"0","0","1",11,"4"
"0","2b58d945f",5,2,8,4,2,3,31,"0","0","1",2,"4"
"0","d6dae86b7",2,1,7,4,2,1,31,"0","0","1",0,"4"
"1","d6dae86b7",2,1,30,4,2,1,31,"0","0","1",9,"4"
"0","d6dae86b7",2,1,28,4,2,1,31,"0","0","1",11,"4"
"0","d6dae86b7",2,1,11,4,2,1,31,"0","0","1",3,"4"
"0","bb2094100",3,0,18,2,1,2,31,"0","0","1",12,"4"
"0","bb2094100",3,0,34,2,1,2,31,"0","0","1",11,"4"
"0","c51f9c774",4,1,79,2,0,2,31,"0","0","1",4,"4"
"1","c51f9c774",4,1,39,2,0,2,31,"0","0","1",15,"4"
"1","6893e65ca",2,2,19,4,2,1,24,"0","0","1",11,"4"
"1","6893e65ca",2,2,70,4,2,1,24,"0","0","1",2,"4"
"0","6893e65ca",2,2,19,4,2,1,24,"0","0","1",11,"4"
"0","6893e65ca",2,2,50,4,2,1,24,"0","0","1",10,"4"
"0","d29058053",4,1,22,2,0,2,30,"0","0","1",12,"4"
"1","d29058053",4,1,26,2,0,2,30,"0","0","1",15,"4"
"1","ec0e8edce",3,1,69,2,0,1,29,"0","0","1",4,"4"
"0","ec0e8edce",3,1,66,2,0,1,29,"0","0","1",16,"4"
"1","3e16fab89",1,2,41,3,0,1,30,"0","0","0",6,"4"
"1","3e16fab89",1,2,20,3,0,1,30,"0","0","0",13,"4"
"0","3e16fab89",1,2,40,3,0,1,30,"0","0","0",12,"4"
"1","1e84a2ac8",5,1,44,1,0,2,30,"0","0","1",15,"4"
"1","759df0194",4,2,69,3,0,2,8,"0","0","1",6,"4"
"0","759df0194",4,2,62,3,0,2,8,"0","0","1",6,"4"
"1","759df0194",4,2,33,3,0,2,8,"0","0","1",8,"4"
"1","f2fcf00fd",5,1,35,2,0,2,30,"0","0","1",8,"4"
"0","f2fcf00fd",5,1,28,2,0,2,30,"0","0","1",11,"4"
"1","cb6bb28dd",5,4,28,5,1,3,4,"0","0","1",1,"4"
"1","cb6bb28dd",5,4,56,5,1,3,4,"0","0","1",11,"4"
"1","cb6bb28dd",5,4,30,5,1,3,4,"0","0","1",6,"4"
"1","cb6bb28dd",5,4,19,5,1,3,4,"0","0","1",0,"4"
"0","cb6bb28dd",5,4,52,5,1,3,4,"0","0","1",3,"4"
"0","cbf24a06c",4,2,36,3,1,2,8,"0","0","1",6,"4"
"1","cbf24a06c",4,2,15,3,1,2,8,"0","0","1",8,"4"
"1","cbf24a06c",4,2,37,3,1,2,8,"0","0","1",8,"4"
"0","922a1f87a",5,1,44,2,0,2,30,"0","0","1",9,"4"
"1","922a1f87a",5,1,24,2,0,2,30,"0","0","1",13,"4"
"1","a57a1f2f4",8,2,15,3,1,3,21,"1","0","1",8,"4"
"0","a57a1f2f4",8,2,76,3,1,3,21,"1","0","1",15,"4"
"1","a57a1f2f4",8,2,44,3,1,3,21,"1","0","1",16,"4"
"1","9b084b23d",4,1,69,2,0,2,29,"0","0","1",17,"4"
"0","9b084b23d",4,1,94,2,0,2,29,"0","1","1",3,"4"
"0","6ddd55b3e",5,1,45,3,1,2,8,"0","0","1",16,"4"
"0","6ddd55b3e",5,1,8,3,1,2,8,"0","0","1",2,"4"
"1","6ddd55b3e",5,1,48,3,1,2,8,"0","0","1",11,"4"
"0","652a7ffa0",5,1,8,4,2,2,31,"0","0","1",2,"2"
"0","652a7ffa0",5,1,44,4,2,2,31,"0","0","1",11,"2"
"0","652a7ffa0",5,1,14,4,2,2,31,"0","0","1",8,"2"
"1","652a7ffa0",5,1,42,4,2,2,31,"0","0","1",11,"2"
"1","b9d64d752",5,2,13,4,2,3,31,"0","0","1",6,"4"
"1","b9d64d752",5,2,10,4,2,3,31,"0","0","1",2,"4"
"0","b9d64d752",5,2,37,4,2,3,31,"0","0","1",7,"4"
"0","b9d64d752",5,2,36,4,2,3,31,"0","0","1",11,"4"
"1","09a26c158",1,1,71,1,0,1,29,"0","0","0",7,"2"
"0","e2f9717d3",3,1,30,2,0,1,30,"0","0","1",14,"4"
"1","e2f9717d3",3,1,29,2,0,1,30,"0","0","1",6,"4"
"0","65d20b573",6,2,55,3,0,3,8,"1","0","1",14,"4"
"1","65d20b573",6,2,70,3,0,3,8,"1","0","1",11,"4"
"1","65d20b573",6,2,26,3,0,3,8,"1","0","1",14,"4"
"0","d9281c805",6,0,71,1,0,3,29,"0","0","1",9,"2"
"0","5f7699c70",3,2,30,5,2,2,10,"0","0","1",9,"4"
"1","5f7699c70",3,2,11,5,2,2,10,"0","0","1",5,"4"
"0","5f7699c70",3,2,1,5,2,2,10,"0","0","1",0,"4"
"1","5f7699c70",3,2,29,5,2,2,10,"0","0","1",9,"4"
"0","5f7699c70",3,2,60,5,2,2,10,"0","0","1",9,"4"
"1","a0a822586",6,2,7,4,1,2,31,"1","0","1",0,"4"
"0","a0a822586",6,2,40,4,1,2,31,"1","0","1",15,"4"
"1","a0a822586",6,2,45,4,1,2,31,"1","0","1",15,"4"
"0","a0a822586",6,2,74,4,1,2,31,"1","0","1",12,"4"
"1","b2ceb3e5c",6,1,57,3,1,3,8,"0","0","1",16,"4"
"0","b2ceb3e5c",6,1,17,3,1,3,8,"0","0","1",10,"4"
"0","b2ceb3e5c",6,1,40,3,1,3,8,"0","0","1",17,"4"
"0","69bfa2895",6,2,41,3,1,3,8,"1","0","1",14,"4"
"1","69bfa2895",6,2,8,3,1,3,8,"1","0","1",1,"4"
"1","69bfa2895",6,2,44,3,1,3,8,"1","0","1",14,"4"
"0","bcc196e5a",7,1,60,3,0,4,30,"1","0","1",13,"4"
"0","bcc196e5a",7,1,29,3,0,4,30,"1","0","1",15,"4"
"1","bcc196e5a",7,1,31,3,0,4,30,"1","0","1",15,"4"
"1","fca2c4361",5,2,42,3,0,3,21,"0","0","1",11,"4"
"1","fca2c4361",5,2,67,3,0,3,21,"0","0","1",6,"4"
"0","fca2c4361",5,2,70,3,0,3,21,"0","1","1",11,"4"
"0","2b1a06ddc",4,1,89,2,0,2,31,"0","0","1",0,"4"
"1","2b1a06ddc",4,1,55,2,0,2,31,"0","0","1",13,"4"
"1","caa343c15",4,3,40,4,2,3,31,"0","0","1",9,"4"
"1","caa343c15",4,3,17,4,2,3,31,"0","0","1",9,"4"
"1","caa343c15",4,3,15,4,2,3,31,"0","0","1",8,"4"
"0","caa343c15",4,3,39,4,2,3,31,"0","0","1",15,"4"
"0","0b7ee52ff",4,0,66,1,0,2,29,"0","0","1",11,"4"
"0","14aeb8605",4,3,35,5,2,2,10,"0","0","1",6,"4"
"1","14aeb8605",4,3,13,5,2,2,10,"0","0","1",6,"4"
"0","14aeb8605",4,3,59,5,2,2,10,"0","0","1",4,"4"
"1","14aeb8605",4,3,4,5,2,2,10,"0","0","1",0,"4"
"1","14aeb8605",4,3,30,5,2,2,10,"0","0","1",8,"4"
"0","07a5de1ba",3,1,38,3,2,1,21,"0","0","1",8,"4"
"1","07a5de1ba",3,1,15,3,2,1,21,"0","0","1",7,"4"
"0","07a5de1ba",3,1,17,3,2,1,21,"0","0","1",9,"4"
"1","5e72b4b07",6,2,46,3,1,3,8,"1","0","1",11,"4"
"0","5e72b4b07",6,2,43,3,1,3,8,"1","0","1",17,"4"
"1","5e72b4b07",6,2,10,3,1,3,8,"1","0","1",3,"4"
"1","288b0f0fa",4,2,11,3,1,2,8,"0","0","1",4,"4"
"1","288b0f0fa",4,2,22,3,1,2,8,"0","0","1",11,"4"
"0","288b0f0fa",4,2,44,3,1,2,8,"0","0","1",11,"4"
"0","ed19e63e8",5,0,79,1,0,3,29,"0","0","1",6,"4"
"1","bb809b379",6,1,75,1,0,4,29,"0","0","1",4,"4"
"0","f954c1672",5,1,78,2,0,3,31,"0","0","1",4,"4"
"1","f954c1672",5,1,53,2,0,3,31,"0","0","1",8,"4"
"0","c179fa326",5,3,18,6,2,3,31,"0","0","1",7,"4"
"1","c179fa326",5,3,67,6,2,3,31,"0","0","1",14,"4"
"1","c179fa326",5,3,44,6,2,3,31,"0","0","1",6,"4"
"0","c179fa326",5,3,63,6,2,3,31,"0","0","1",8,"4"
"0","c179fa326",5,3,20,6,2,3,31,"0","0","1",11,"4"
"1","c179fa326",5,3,1,6,2,3,31,"0","0","1",0,"4"
"0","ac94e73e6",7,1,51,4,1,4,6,"0","0","1",11,"4"
"0","ac94e73e6",7,1,13,4,1,4,6,"0","0","1",6,"4"
"1","ac94e73e6",7,1,55,4,1,4,6,"0","0","1",15,"4"
"0","ac94e73e6",7,1,29,4,1,4,6,"0","0","1",13,"4"
"0","d9e9b591a",5,1,21,5,0,3,4,"0","0","1",14,"2"
"1","d9e9b591a",5,1,47,5,0,3,4,"0","0","1",8,"2"
"0","d9e9b591a",5,1,49,5,0,3,4,"0","0","1",9,"2"
"0","d9e9b591a",5,1,68,5,0,3,4,"0","0","1",0,"2"
"0","d9e9b591a",5,1,21,5,0,3,4,"0","0","1",14,"2"
"1","52123171a",7,2,42,4,0,4,24,"0","0","1",17,"4"
"0","52123171a",7,2,73,4,0,4,24,"0","0","1",11,"4"
"1","52123171a",7,2,75,4,0,4,24,"0","1","1",17,"4"
"0","52123171a",7,2,97,4,0,4,24,"0","1","1",6,"4"
"1","81cfc3f8c",5,3,7,4,2,3,31,"0","0","1",1,"4"
"0","81cfc3f8c",5,3,33,4,2,3,31,"0","0","1",9,"4"
"1","81cfc3f8c",5,3,34,4,2,3,31,"0","0","1",10,"4"
"1","81cfc3f8c",5,3,13,4,2,3,31,"0","0","1",6,"4"
"0","2d9be16e2",6,1,70,2,0,3,29,"1","0","1",14,"4"
"1","2d9be16e2",6,1,72,2,0,3,29,"1","0","1",11,"4"
"1","d8df976c0",6,3,6,4,2,3,31,"1","0","1",0,"4"
"1","d8df976c0",6,3,38,4,2,3,31,"1","0","1",12,"4"
"1","d8df976c0",6,3,5,4,2,3,31,"1","0","1",0,"4"
"0","d8df976c0",6,3,42,4,2,3,31,"1","0","1",15,"4"
"1","51f90290c",5,1,10,2,1,3,31,"0","0","1",3,"3"
"0","51f90290c",5,1,49,2,1,3,31,"0","0","1",7,"3"
"0","a0dfd005d",1,1,58,2,0,1,30,"0","0","1",6,"4"
"1","a0dfd005d",1,1,49,2,0,1,30,"0","0","1",5,"4"
"1","63f11d6ea",3,8,18,10,1,2,4,"0","0","1",6,"4"
"1","63f11d6ea",3,8,52,10,1,2,4,"0","0","1",6,"4"
"1","63f11d6ea",3,8,72,10,1,2,4,"0","0","1",3,"4"
"1","63f11d6ea",3,8,24,10,1,2,4,"0","0","1",8,"4"
"1","63f11d6ea",3,8,27,10,1,2,4,"0","0","1",13,"4"
"1","63f11d6ea",3,8,45,10,1,2,4,"0","0","1",6,"4"
"1","63f11d6ea",3,8,28,10,1,2,4,"0","0","1",11,"4"
"1","63f11d6ea",3,8,22,10,1,2,4,"0","0","1",8,"4"
"0","63f11d6ea",3,8,20,10,1,2,4,"0","0","1",4,"4"
"0","63f11d6ea",3,8,49,10,1,2,4,"0","0","1",5,"4"
"0","347058ce6",5,2,3,5,3,3,18,"0","0","1",0,"1"
"1","347058ce6",5,2,2,5,3,3,18,"0","1","1",0,"1"
"0","347058ce6",5,2,6,5,3,3,18,"0","0","1",0,"1"
"1","347058ce6",5,2,27,5,3,3,18,"0","0","1",8,"1"
"0","347058ce6",5,2,29,5,3,3,18,"0","0","1",11,"1"
"0","28ec0c747",7,2,5,7,1,5,7,"0","0","1",0,"4"
"0","28ec0c747",7,2,28,7,1,5,7,"0","0","1",5,"4"
"0","28ec0c747",7,2,21,7,1,5,7,"0","0","1",12,"4"
"1","28ec0c747",7,2,61,7,1,5,7,"0","0","1",6,"4"
"0","28ec0c747",7,2,94,7,1,5,7,"0","1","1",6,"4"
"1","28ec0c747",7,2,27,7,1,5,7,"0","0","1",11,"4"
"0","28ec0c747",7,2,56,7,1,5,7,"0","0","1",5,"4"
"0","71bec40bc",3,3,6,7,3,2,12,"0","0","1",0,"2"
"1","71bec40bc",3,3,9,7,3,2,12,"0","0","1",1,"2"
"0","71bec40bc",3,3,26,7,3,2,12,"0","0","1",5,"2"
"0","71bec40bc",3,3,47,7,3,2,12,"0","0","1",6,"2"
"0","71bec40bc",3,3,4,7,3,2,12,"0","0","1",0,"2"
"1","71bec40bc",3,3,60,7,3,2,12,"0","0","1",0,"2"
"1","71bec40bc",3,3,25,7,3,2,12,"0","0","1",7,"2"
"0","4b301d9b2",5,1,12,6,2,3,8,"0","0","1",6,"3"
"0","4b301d9b2",5,1,44,6,2,3,8,"0","0","1",7,"3"
"1","4b301d9b2",5,1,0,6,2,3,8,"0","0","1",0,"3"
"0","4b301d9b2",5,1,23,6,2,3,8,"0","0","1",11,"3"
"0","4b301d9b2",5,1,20,6,2,3,8,"0","0","1",11,"3"
"0","4b301d9b2",5,1,25,6,2,3,8,"0","0","1",11,"3"
"1","b5aab6c5e",5,2,27,4,1,2,6,"0","0","1",6,"4"
"1","b5aab6c5e",5,2,20,4,1,2,6,"0","0","1",6,"4"
"0","b5aab6c5e",5,2,19,4,1,2,6,"0","0","1",11,"4"
"0","b5aab6c5e",5,2,53,4,1,2,6,"0","0","1",11,"4"
"1","a4baf0b14",1,1,23,1,0,1,30,"0","0","1",6,"4"
"0","f01ee929b",3,1,40,2,1,2,31,"0","0","1",6,"2"
"1","f01ee929b",3,1,13,2,1,2,31,"0","0","1",3,"2"
"1","322cefd2f",4,5,5,9,5,3,16,"0","0","1",0,"2"
"0","322cefd2f",4,5,47,9,5,3,16,"0","0","1",6,"2"
"1","322cefd2f",4,5,5,9,5,3,16,"0","0","1",0,"2"
"0","322cefd2f",4,5,2,9,5,3,16,"0","0","1",0,"2"
"1","322cefd2f",4,5,16,9,5,3,16,"0","0","1",7,"2"
"1","322cefd2f",4,5,1,9,5,3,16,"0","0","1",0,"2"
"0","322cefd2f",4,5,24,9,5,3,16,"0","0","1",7,"2"
"1","322cefd2f",4,5,52,9,5,3,16,"0","0","1",5,"2"
"0","322cefd2f",4,5,23,9,5,3,16,"0","0","1",7,"2"
"0","f1e36c6f8",4,0,7,4,3,2,24,"0","0","1",0,"2"
"0","f1e36c6f8",4,0,11,4,3,2,24,"0","0","1",4,"2"
"0","f1e36c6f8",4,0,29,4,3,2,24,"0","0","1",6,"2"
"0","f1e36c6f8",4,0,2,4,3,2,24,"0","0","1",0,"2"
"1","e2b6ecbba",4,2,3,3,2,2,21,"0","0","1",0,"1"
"0","e2b6ecbba",4,2,25,3,2,2,21,"0","0","1",10,"1"
"1","e2b6ecbba",4,2,6,3,2,2,21,"0","0","1",0,"1"
"1","9c2388963",7,1,70,1,0,4,29,"0","0","1",16,"4"
"1","9d5fdd09f",6,2,27,3,0,3,30,"1","0","1",17,"4"
"1","9d5fdd09f",6,2,53,3,0,3,30,"1","0","1",14,"4"
"0","9d5fdd09f",6,2,54,3,0,3,30,"1","0","1",14,"4"
"0","1ea163834",8,2,2,4,2,4,31,"0","0","1",0,"4"
"1","1ea163834",8,2,33,4,2,4,31,"0","0","1",15,"4"
"0","1ea163834",8,2,33,4,2,4,31,"0","0","1",17,"4"
"1","1ea163834",8,2,4,4,2,4,31,"0","0","1",0,"4"
"1","9106fd2ee",7,1,46,3,1,4,8,"0","0","1",21,"4"
"0","9106fd2ee",7,1,3,3,1,4,8,"0","0","1",0,"4"
"0","9106fd2ee",7,1,32,3,1,4,8,"0","0","1",17,"4"
"1","d4b71e99f",7,1,66,2,0,4,31,"0","0","1",14,"4"
"0","d4b71e99f",7,1,62,2,0,4,31,"0","0","1",6,"4"
"1","e45f99999",5,2,65,2,0,3,31,"0","0","1",4,"2"
"1","e45f99999",5,2,49,2,0,3,31,"0","0","1",6,"2"
"0","aa3814397",5,2,53,3,0,3,30,"0","0","1",15,"4"
"1","aa3814397",5,2,61,3,0,3,30,"0","0","1",16,"4"
"1","aa3814397",5,2,20,3,0,3,30,"0","0","1",12,"4"
"1","5ae10ba01",7,3,33,4,0,4,31,"1","0","1",14,"4"
"1","5ae10ba01",7,3,77,4,0,4,31,"1","0","1",11,"4"
"1","5ae10ba01",7,3,44,4,0,4,31,"1","0","1",15,"4"
"0","5ae10ba01",7,3,68,4,0,4,31,"1","0","1",9,"4"
"0","4ea540ed6",6,0,20,2,0,3,30,"0","0","1",13,"4"
"0","4ea540ed6",6,0,23,2,0,3,30,"0","0","1",15,"4"
"0","6900c4bc1",6,2,81,3,0,3,21,"0","0","1",11,"4"
"1","6900c4bc1",6,2,38,3,0,3,21,"0","0","1",0,"4"
"1","6900c4bc1",6,2,70,3,0,3,21,"0","0","1",6,"4"
"0","76370c62a",6,0,22,1,0,4,30,"0","0","1",14,"4"
"0","72442f7fc",6,0,23,1,0,4,30,"0","0","1",14,"4"
"1","15e096859",6,1,22,1,0,4,30,"0","0","1",14,"4"
"0","cad4908f4",4,0,46,1,0,1,30,"0","0","1",17,"4"
"0","d411f898f",8,0,30,1,0,3,30,"0","0","1",15,"4"
"0","1f9cdfd87",7,2,62,3,0,4,30,"0","0","1",9,"4"
"1","1f9cdfd87",7,2,62,3,0,4,30,"0","0","1",6,"4"
"1","1f9cdfd87",7,2,33,3,0,4,30,"0","0","1",14,"4"
"0","6f832e4df",6,0,88,1,0,2,29,"0","0","1",8,"1"
"0","3ab475993",8,1,61,2,0,4,30,"1","0","1",13,"4"
"1","3ab475993",8,1,40,2,0,4,30,"1","0","1",13,"4"
"1","f39a29177",4,4,16,5,3,2,18,"0","0","1",6,"4"
"1","f39a29177",4,4,7,5,3,2,18,"0","0","1",0,"4"
"1","f39a29177",4,4,11,5,3,2,18,"0","0","1",2,"4"
"0","f39a29177",4,4,39,5,3,2,18,"0","0","1",4,"4"
"1","f39a29177",4,4,44,5,3,2,18,"0","0","1",6,"4"
"0","ece1115ac",3,1,65,2,0,1,31,"0","1","1",3,"4"
"1","ece1115ac",3,1,40,2,0,1,31,"0","0","1",6,"4"
"0","fabb02be9",4,2,45,3,0,2,30,"0","1","1",0,"4"
"1","fabb02be9",4,2,59,3,0,2,30,"0","0","1",6,"4"
"1","fabb02be9",4,2,42,3,0,2,30,"0","0","1",0,"4"
"0","f9480a013",4,0,78,1,0,2,29,"0","0","1",7,"3"
"1","0f87a987f",5,2,40,4,2,2,31,"0","0","1",9,"4"
"1","0f87a987f",5,2,13,4,2,2,31,"0","0","1",6,"4"
"0","0f87a987f",5,2,3,4,2,2,31,"0","0","1",0,"4"
"0","0f87a987f",5,2,30,4,2,2,31,"0","0","1",6,"4"
"1","bbd43bd99",6,1,55,3,1,3,8,"1","1","1",8,"4"
"0","bbd43bd99",6,1,55,3,1,3,8,"1","0","1",8,"4"
"0","bbd43bd99",6,1,14,3,1,3,8,"1","0","1",7,"4"
"0","970027381",6,2,10,6,3,3,21,"0","0","1",3,"4"
"0","970027381",6,2,19,6,3,3,21,"0","0","1",11,"4"
"1","970027381",6,2,8,6,3,3,21,"0","0","1",1,"4"
"1","970027381",6,2,69,6,3,3,21,"0","0","1",11,"4"
"0","970027381",6,2,64,6,3,3,21,"0","0","1",6,"4"
"0","970027381",6,2,40,6,3,3,21,"0","0","1",11,"4"
"1","8ec412b0a",4,2,37,4,1,2,6,"0","0","1",9,"4"
"0","8ec412b0a",4,2,23,4,1,2,6,"0","0","1",10,"4"
"0","8ec412b0a",4,2,5,4,1,2,6,"0","0","1",0,"4"
"1","8ec412b0a",4,2,58,4,1,2,6,"0","0","1",9,"4"
"1","159ea258f",7,2,25,4,0,4,30,"1","0","1",13,"4"
"1","159ea258f",7,2,61,4,0,4,30,"1","0","1",11,"4"
"0","159ea258f",7,2,22,4,0,4,30,"1","0","1",11,"4"
"0","159ea258f",7,2,60,4,0,4,30,"1","0","1",11,"4"
"1","bdd842cfd",10,2,19,6,2,6,8,"1","0","1",11,"4"
"0","bdd842cfd",10,2,32,6,2,6,8,"1","0","1",11,"4"
"0","bdd842cfd",10,2,53,6,2,6,8,"1","0","1",17,"4"
"0","bdd842cfd",10,2,22,6,2,6,8,"1","0","1",14,"4"
"1","bdd842cfd",10,2,32,6,2,6,8,"1","0","1",15,"4"
"0","bdd842cfd",10,2,11,6,2,6,8,"1","0","1",5,"4"
"0","0473832dd",5,1,10,4,2,3,31,"0","1","1",3,"4"
"0","0473832dd",5,1,19,4,2,3,31,"0","0","1",7,"4"
"1","0473832dd",5,1,45,4,2,3,31,"0","0","1",9,"4"
"0","0473832dd",5,1,40,4,2,3,31,"0","0","1",5,"4"
"0","4b6077882",3,0,22,3,2,1,21,"0","0","1",5,"1"
"0","4b6077882",3,0,7,3,2,1,21,"0","0","1",1,"2"
"0","4b6077882",3,0,2,3,2,1,21,"0","0","1",0,"2"
"0","6833ac5dc",3,2,18,6,4,2,21,"0","0","1",8,"2"
"0","6833ac5dc",3,2,1,6,4,2,21,"0","0","1",0,"2"
"1","6833ac5dc",3,2,30,6,4,2,21,"0","0","1",6,"2"
"0","6833ac5dc",3,2,36,6,4,2,21,"0","0","1",7,"2"
"1","6833ac5dc",3,2,18,6,4,2,21,"0","0","1",6,"2"
"0","6833ac5dc",3,2,16,6,4,2,21,"0","0","1",9,"1"
"0","35c040720",7,3,53,6,1,3,2,"0","0","1",8,"4"
"1","35c040720",7,3,30,6,1,3,2,"0","0","1",6,"4"
"0","35c040720",7,3,33,6,1,3,2,"0","0","1",12,"4"
"1","35c040720",7,3,53,6,1,3,2,"0","0","1",10,"4"
"1","35c040720",7,3,14,6,1,3,2,"0","0","1",7,"4"
"0","35c040720",7,3,32,6,1,3,2,"0","0","1",21,"4"
"0","b9207c3a3",4,1,20,5,1,2,4,"0","0","1",14,"4"
"0","b9207c3a3",4,1,22,5,1,2,4,"0","0","1",11,"4"
"0","b9207c3a3",4,1,17,5,1,2,4,"0","0","1",10,"4"
"1","b9207c3a3",4,1,53,5,1,2,4,"0","0","1",11,"4"
"0","b9207c3a3",4,1,49,5,1,2,4,"0","0","1",11,"4"
"0","b7e6198b0",6,2,66,3,0,3,8,"0","1","1",6,"4"
"1","b7e6198b0",6,2,37,3,0,3,8,"0","1","1",11,"4"
"1","b7e6198b0",6,2,24,3,0,3,8,"0","0","1",11,"4"
"1","252a57c2d",5,2,7,4,1,3,6,"0","0","1",0,"4"
"0","252a57c2d",5,2,55,4,1,3,6,"0","0","1",11,"4"
"1","252a57c2d",5,2,40,4,1,3,6,"0","0","1",3,"4"
"0","252a57c2d",5,2,31,4,1,3,6,"0","0","1",6,"4"
"1","cd8ba4e90",4,2,23,3,0,2,30,"1","0","1",9,"4"
"1","cd8ba4e90",4,2,59,3,0,2,30,"1","1","1",6,"4"
"0","cd8ba4e90",4,2,48,3,0,2,30,"1","0","1",9,"4"
"0","575416e27",4,2,15,4,3,2,24,"0","0","1",6,"2"
"1","575416e27",4,2,18,4,3,2,24,"0","0","1",9,"2"
"0","575416e27",4,2,39,4,3,2,24,"0","0","1",7,"2"
"1","575416e27",4,2,10,4,3,2,24,"0","0","1",2,"2"
"0","ef0e2156b",5,1,57,2,1,3,31,"0","0","1",7,"4"
"1","ef0e2156b",5,1,17,2,1,3,31,"0","0","1",6,"4"
"0","43b9c83e5",6,1,2,6,4,3,21,"0","0","1",0,"2"
"1","43b9c83e5",6,1,17,6,4,3,21,"0","0","1",7,"2"
"0","43b9c83e5",6,1,15,6,4,3,21,"0","0","1",6,"2"
"0","43b9c83e5",6,1,39,6,4,3,21,"0","0","1",6,"2"
"0","43b9c83e5",6,1,30,6,4,3,21,"0","0","1",6,"1"
"0","43b9c83e5",6,1,0,6,4,3,21,"0","0","1",0,"2"
"0","c60226aa6",6,1,38,3,2,4,21,"0","0","1",5,"4"
"1","c60226aa6",6,1,18,3,2,4,21,"0","0","1",6,"4"
"0","c60226aa6",6,1,13,3,2,4,21,"0","0","1",5,"4"
"0","ad99429f5",5,1,28,3,0,3,30,"0","0","1",11,"4"
"0","ad99429f5",5,1,51,3,0,3,30,"0","0","1",3,"4"
"1","ad99429f5",5,1,28,3,0,3,30,"0","0","1",7,"4"
"0","67470962b",6,1,10,4,2,3,31,"0","0","1",2,"4"
"0","67470962b",6,1,39,4,2,3,31,"0","0","1",6,"4"
"1","67470962b",6,1,38,4,2,3,31,"0","0","1",6,"4"
"0","67470962b",6,1,16,4,2,3,31,"0","0","1",7,"4"
"0","2e50f3926",6,0,60,2,0,5,31,"0","0","1",17,"4"
"0","2e50f3926",6,0,71,2,0,5,31,"0","0","1",11,"4"
"0","9eb450831",3,0,63,1,0,2,30,"0","1","1",13,"4"
"0","cebe8cd76",6,1,39,2,0,2,30,"1","0","1",16,"4"
"1","cebe8cd76",6,1,40,2,0,2,30,"1","0","1",17,"4"
"0","de5f39915",5,2,16,4,1,3,6,"1","0","1",10,"4"
"1","de5f39915",5,2,51,4,1,3,6,"1","0","1",11,"4"
"0","de5f39915",5,2,50,4,1,3,6,"1","0","1",16,"4"
"1","de5f39915",5,2,21,4,1,3,6,"1","0","1",14,"4"
"1","3eccaf038",7,1,57,3,0,2,30,"0","0","1",15,"4"
"0","3eccaf038",7,1,24,3,0,2,30,"0","0","1",14,"4"
"0","3eccaf038",7,1,57,3,0,2,30,"0","0","1",14,"4"
"1","fda272904",4,1,47,2,0,1,30,"0","0","1",14,"4"
"0","fda272904",4,1,41,2,0,1,30,"0","0","1",14,"4"
"0","2f4baea07",5,1,32,2,0,1,30,"0","0","1",14,"4"
"1","2f4baea07",5,1,35,2,0,1,30,"0","0","1",11,"4"
"1","01ff6a086",5,1,65,2,0,2,29,"0","0","1",5,"4"
"0","01ff6a086",5,1,66,2,0,2,29,"0","0","1",0,"4"
"1","f623c549b",5,1,59,2,0,2,30,"1","0","1",9,"4"
"0","f623c549b",5,1,62,2,0,2,30,"1","0","1",15,"4"
"1","bf1d89cb8",8,3,54,4,1,4,6,"0","1","1",0,"4"
"0","bf1d89cb8",8,3,48,4,1,4,6,"0","0","1",15,"4"
"1","bf1d89cb8",8,3,10,4,1,4,6,"0","0","1",3,"4"
"1","bf1d89cb8",8,3,48,4,1,4,6,"0","0","1",11,"4"
"1","8e5f8c731",6,2,35,2,0,3,31,"0","0","1",15,"4"
"1","8e5f8c731",6,2,70,2,0,3,31,"0","0","1",9,"4"
"0","5f4043e63",5,3,43,5,0,3,10,"0","0","1",7,"4"
"1","5f4043e63",5,3,25,5,0,3,10,"0","0","1",5,"4"
"1","5f4043e63",5,3,20,5,0,3,10,"0","0","1",7,"4"
"1","5f4043e63",5,3,65,5,0,3,10,"0","0","1",5,"4"
"0","5f4043e63",5,3,65,5,0,3,10,"0","0","1",6,"4"
"0","42881d49f",4,2,29,4,2,2,31,"0","0","1",8,"4"
"1","42881d49f",4,2,30,4,2,2,31,"0","0","1",11,"4"
"1","42881d49f",4,2,3,4,2,2,31,"0","0","1",0,"4"
"0","42881d49f",4,2,5,4,2,2,31,"0","0","1",0,"4"
"0","74a4bb60a",4,0,5,2,1,2,31,"1","0","1",0,"4"
"0","74a4bb60a",4,0,31,2,1,2,31,"1","0","1",15,"4"
"1","2477f3a5c",3,3,14,4,2,2,31,"1","0","1",8,"4"
"1","2477f3a5c",3,3,11,4,2,2,31,"1","0","1",4,"4"
"0","2477f3a5c",3,3,34,4,2,2,31,"1","0","1",8,"4"
"1","2477f3a5c",3,3,36,4,2,2,31,"1","0","1",7,"4"
"0","0efe3162b",4,1,61,2,1,2,31,"0","0","1",9,"3"
"1","0efe3162b",4,1,19,2,1,2,31,"0","0","1",3,"3"
"0","b0e5fd9b2",4,2,23,5,1,3,4,"0","0","1",9,"4"
"0","b0e5fd9b2",4,2,1,5,1,3,4,"0","0","1",0,"4"
"0","b0e5fd9b2",4,2,49,5,1,3,4,"0","0","1",6,"4"
"1","b0e5fd9b2",4,2,21,5,1,3,4,"0","0","1",6,"4"
"1","b0e5fd9b2",4,2,29,5,1,3,4,"0","1","1",10,"4"
"0","9041af664",8,1,44,5,3,4,18,"0","0","1",15,"4"
"0","9041af664",8,1,14,5,3,4,18,"0","0","1",7,"4"
"0","9041af664",8,1,16,5,3,4,18,"0","0","1",9,"4"
"0","9041af664",8,1,10,5,3,4,18,"0","0","1",3,"4"
"1","9041af664",8,1,45,5,3,4,18,"0","0","1",21,"4"
"0","5463ebd0e",5,0,87,1,0,2,29,"0","0","1",19,"4"
"0","d2ed106ac",4,1,72,2,0,3,29,"0","0","1",13,"4"
"1","d2ed106ac",4,1,72,2,0,3,29,"0","0","1",16,"4"
"0","d3f101545",7,2,36,4,2,3,31,"0","0","1",17,"4"
"0","d3f101545",7,2,3,4,2,3,31,"0","0","1",0,"4"
"1","d3f101545",7,2,6,4,2,3,31,"0","0","1",0,"4"
"1","d3f101545",7,2,35,4,2,3,31,"0","0","1",17,"4"
"1","2fe198a91",3,1,36,1,0,2,30,"0","0","1",15,"4"
"1","264018917",5,1,70,2,0,2,29,"0","0","1",7,"4"
"0","264018917",5,1,73,2,0,2,29,"0","0","1",13,"4"
"0","57dddad7c",5,1,75,2,0,2,31,"0","1","1",9,"4"
"1","57dddad7c",5,1,40,2,0,2,31,"0","0","1",11,"4"
"0","bf757e4cc",5,1,18,3,1,3,8,"0","0","1",11,"4"
"0","bf757e4cc",5,1,42,3,1,3,8,"0","0","1",8,"4"
"1","bf757e4cc",5,1,22,3,1,3,8,"0","0","1",12,"4"
"0","17498cd7c",5,2,15,4,2,3,31,"1","0","1",9,"4"
"0","17498cd7c",5,2,36,4,2,3,31,"1","0","1",17,"4"
"1","17498cd7c",5,2,3,4,2,3,31,"1","0","1",0,"4"
"1","17498cd7c",5,2,37,4,2,3,31,"1","0","1",17,"4"
"1","5c3f7725d",7,2,39,7,5,5,23,"0","0","1",11,"3"
"0","5c3f7725d",7,2,5,7,5,5,23,"0","0","1",0,"3"
"1","5c3f7725d",7,2,12,7,5,5,23,"0","0","1",4,"3"
"0","5c3f7725d",7,2,7,7,5,5,23,"0","0","1",0,"3"
"0","5c3f7725d",7,2,15,7,5,5,23,"0","0","1",8,"2"
"0","5c3f7725d",7,2,13,7,5,5,23,"0","0","1",7,"2"
"0","5c3f7725d",7,2,45,7,5,5,23,"0","0","1",6,"3"
"0","fcf75bab3",7,1,14,3,1,3,8,"0","0","1",7,"4"
"0","fcf75bab3",7,1,34,3,1,3,8,"0","0","1",11,"4"
"1","fcf75bab3",7,1,34,3,1,3,8,"0","0","1",8,"4"
"1","fd22b4607",5,1,34,4,2,3,31,"0","0","1",0,"4"
"0","fd22b4607",5,1,34,4,2,3,31,"0","0","1",11,"4"
"0","fd22b4607",5,1,7,4,2,3,31,"0","0","1",0,"4"
"0","fd22b4607",5,1,14,4,2,3,31,"0","0","1",7,"4"
"0","0eaddb7f6",8,1,78,2,0,4,29,"0","0","1",10,"4"
"1","0eaddb7f6",8,1,82,2,0,4,29,"0","0","1",10,"4"
"1","9d965603f",6,2,48,3,1,3,8,"0","0","1",14,"4"
"1","9d965603f",6,2,17,3,1,3,8,"0","0","1",10,"4"
"0","9d965603f",6,2,51,3,1,3,8,"0","0","1",8,"4"
"1","6cc3b7ba7",6,1,1,2,1,3,31,"1","0","1",0,"4"
"0","6cc3b7ba7",6,1,37,2,1,3,31,"1","0","1",17,"4"
"1","6b79cb666",7,2,18,5,1,4,10,"1","0","1",12,"4"
"0","6b79cb666",7,2,69,5,1,4,10,"1","0","1",14,"4"
"1","6b79cb666",7,2,51,5,1,4,10,"1","0","1",15,"4"
"0","6b79cb666",7,2,47,5,1,4,10,"1","0","1",11,"4"
"0","6b79cb666",7,2,25,5,1,4,10,"1","0","1",14,"4"
"0","39f697073",5,0,76,1,0,2,29,"0","0","1",1,"4"
"0","b0bef5a48",2,1,21,2,1,1,31,"0","0","1",8,"1"
"1","b0bef5a48",2,1,1,2,1,1,31,"0","0","1",0,"1"
"1","4476ccd4c",10,5,36,11,4,6,15,"0","0","1",11,"4"
"1","4476ccd4c",10,5,26,11,4,6,15,"0","0","1",6,"4"
"1","4476ccd4c",10,5,0,11,4,6,15,"0","0","1",0,"4"
"0","4476ccd4c",10,5,24,11,4,6,15,"0","0","1",8,"4"
"0","4476ccd4c",10,5,66,11,4,6,15,"0","1","1",6,"4"
"1","4476ccd4c",10,5,9,11,4,6,15,"0","0","1",2,"4"
"0","4476ccd4c",10,5,4,11,4,6,15,"0","0","1",0,"4"
"1","4476ccd4c",10,5,68,11,4,6,15,"0","0","1",6,"4"
"0","4476ccd4c",10,5,6,11,4,6,15,"0","0","1",0,"4"
"0","4476ccd4c",10,5,35,11,4,6,15,"0","1","1",0,"4"
"0","4476ccd4c",10,5,28,11,4,6,15,"0","0","1",7,"4"
"0","92001a726",4,3,31,6,3,2,31,"0","0","1",6,"4"
"1","92001a726",4,3,11,6,3,2,31,"0","0","1",3,"4"
"0","92001a726",4,3,61,6,3,2,31,"0","0","1",6,"4"
"0","92001a726",4,3,8,6,3,2,31,"0","0","1",1,"4"
"1","92001a726",4,3,6,6,3,2,31,"0","0","1",0,"4"
"1","92001a726",4,3,40,6,3,2,31,"0","0","1",6,"4"
"0","209c483e7",5,0,55,2,0,3,30,"0","0","1",6,"4"
"0","209c483e7",5,0,20,2,0,3,30,"0","0","1",12,"4"
"1","31730de9f",6,1,64,1,0,3,30,"1","0","1",8,"4"
"0","17e26c0f0",4,1,26,2,1,2,31,"0","0","1",14,"4"
"1","17e26c0f0",4,1,19,2,1,2,31,"0","0","1",9,"4"
"1","34414c259",3,1,53,2,0,1,31,"0","1","1",6,"4"
"0","34414c259",3,1,66,2,0,1,31,"0","0","1",11,"4"
"0","7098674d2",7,0,68,2,0,3,31,"0","0","1",17,"4"
"0","7098674d2",7,0,35,2,0,3,31,"0","0","1",15,"4"
"1","6f1edad4e",9,3,58,4,0,5,31,"0","0","1",13,"4"
"1","6f1edad4e",9,3,63,4,0,5,31,"0","0","1",11,"4"
"0","6f1edad4e",9,3,95,4,0,5,31,"0","1","1",6,"4"
"1","6f1edad4e",9,3,66,4,0,5,31,"0","0","1",11,"4"
"0","13c5661af",6,2,18,4,2,3,31,"0","0","1",11,"4"
"0","13c5661af",6,2,37,4,2,3,31,"0","0","1",6,"4"
"1","13c5661af",6,2,37,4,2,3,31,"0","0","1",6,"4"
"1","13c5661af",6,2,12,4,2,3,31,"0","0","1",5,"4"
"0","8ac40302b",4,2,39,4,2,3,31,"1","0","1",12,"4"
"1","8ac40302b",4,2,14,4,2,3,31,"1","0","1",7,"4"
"0","8ac40302b",4,2,16,4,2,3,31,"1","0","1",8,"4"
"1","8ac40302b",4,2,35,4,2,3,31,"1","0","1",9,"4"
"0","200099351",5,1,74,2,0,3,29,"0","0","1",10,"4"
"1","200099351",5,1,73,2,0,3,29,"0","0","1",8,"4"
"0","43eede72e",5,1,76,2,0,3,29,"0","0","1",5,"4"
"1","43eede72e",5,1,73,2,0,3,29,"0","0","1",2,"4"
"0","223dab3ac",4,0,82,1,0,2,29,"0","1","1",6,"3"
"0","4b2b9ddff",5,1,61,3,1,2,8,"0","0","1",6,"3"
"1","4b2b9ddff",5,1,3,3,1,2,8,"0","0","1",0,"3"
"0","4b2b9ddff",5,1,29,3,1,2,8,"0","0","1",11,"3"
"1","15ca3021c",5,2,34,3,1,3,8,"0","0","1",19,"4"
"0","15ca3021c",5,2,30,3,1,3,8,"0","0","1",14,"4"
"1","15ca3021c",5,2,2,3,1,3,8,"0","0","1",0,"4"
"0","1012a6463",3,0,51,2,0,2,31,"0","0","1",7,"4"
"0","1012a6463",3,0,74,2,0,2,31,"0","0","1",16,"4"
"0","6a61e3d72",5,1,27,3,1,2,8,"0","0","1",11,"4"
"0","6a61e3d72",5,1,6,3,1,2,8,"0","0","1",0,"4"
"1","6a61e3d72",5,1,27,3,1,2,8,"0","0","1",11,"4"
"0","135334d8e",5,2,59,4,0,3,24,"0","1","1",6,"2"
"0","135334d8e",5,2,89,4,0,3,24,"0","1","1",4,"2"
"1","135334d8e",5,2,65,4,0,3,24,"0","0","1",3,"2"
"1","135334d8e",5,2,80,4,0,3,24,"0","0","1",5,"2"
"0","417dbe72b",5,0,48,1,0,2,30,"0","0","1",13,"4"
"0","a4a41af05",4,2,66,3,0,2,21,"0","0","1",8,"4"
"1","a4a41af05",4,2,68,3,0,2,21,"0","1","1",6,"4"
"1","a4a41af05",4,2,42,3,0,2,21,"0","0","1",7,"4"
"0","57d87865e",5,0,74,3,0,3,29,"0","0","1",6,"3"
"0","7bf86807a",5,4,36,5,3,2,18,"0","0","1",0,"3"
"1","7bf86807a",5,4,4,5,3,2,18,"0","0","1",0,"3"
"1","7bf86807a",5,4,11,5,3,2,18,"0","0","1",5,"3"
"1","7bf86807a",5,4,35,5,3,2,18,"0","0","1",9,"3"
"1","7bf86807a",5,4,17,5,3,2,18,"0","0","1",10,"3"
"1","d24c3215c",5,2,8,3,1,2,8,"0","0","1",2,"4"
"1","d24c3215c",5,2,25,3,1,2,8,"0","0","1",11,"4"
"0","d24c3215c",5,2,32,3,1,2,8,"0","0","1",10,"4"
"1","9a60dbbc3",4,2,29,2,0,2,30,"0","0","1",15,"4"
"1","9a60dbbc3",4,2,20,2,0,2,30,"0","0","1",6,"4"
"0","c64f7aa91",4,1,36,3,1,2,8,"0","0","1",7,"4"
"1","c64f7aa91",4,1,35,3,1,2,8,"0","0","1",6,"4"
"0","c64f7aa91",4,1,16,3,1,2,8,"0","0","1",7,"4"
"0","0f9494d3a",5,3,33,5,2,3,10,"0","0","1",5,"2"
"1","0f9494d3a",5,3,14,5,2,3,10,"0","0","1",7,"2"
"1","0f9494d3a",5,3,62,5,2,3,10,"0","0","1",0,"3"
"0","0f9494d3a",5,3,9,5,2,3,10,"0","0","1",2,"3"
"1","0f9494d3a",5,3,35,5,2,3,10,"0","0","1",8,"3"
"1","e62ca0063",5,2,12,4,2,3,31,"0","0","1",5,"4"
"1","e62ca0063",5,2,50,4,2,3,31,"0","0","1",11,"4"
"0","e62ca0063",5,2,5,4,2,3,31,"0","0","1",0,"4"
"0","e62ca0063",5,2,35,4,2,3,31,"0","0","1",9,"4"
"1","c865ef208",5,1,30,3,1,3,8,"0","0","1",6,"2"
"0","c865ef208",5,1,7,3,1,3,8,"0","0","1",1,"2"
"0","c865ef208",5,1,27,3,1,3,8,"0","0","1",9,"2"
"1","651241391",2,1,53,1,0,1,30,"0","0","1",11,"4"
"0","061f8ffcf",7,1,36,4,0,3,6,"0","0","1",14,"4"
"0","061f8ffcf",7,1,66,4,0,3,6,"0","0","1",6,"4"
"0","061f8ffcf",7,1,32,4,0,3,6,"0","0","1",6,"4"
"1","061f8ffcf",7,1,63,4,0,3,6,"0","0","1",6,"4"
"0","424acc2cf",4,0,60,1,0,1,30,"0","0","1",8,"4"
"1","0b42ed3af",4,1,72,2,0,2,31,"0","0","1",1,"3"
"0","0b42ed3af",4,1,64,2,0,2,31,"0","0","1",6,"3"
"1","a682960cb",4,2,65,3,0,2,8,"0","1","1",9,"4"
"1","a682960cb",4,2,42,3,0,2,8,"0","0","1",8,"4"
"0","a682960cb",4,2,57,3,0,2,8,"0","0","1",8,"4"
"1","9568e14f3",6,2,49,3,1,3,8,"0","0","1",9,"3"
"1","9568e14f3",6,2,6,3,1,3,8,"0","0","1",0,"3"
"0","9568e14f3",6,2,46,3,1,3,8,"0","0","1",7,"3"
"1","75f505df4",7,3,2,6,3,5,31,"0","0","1",0,"4"
"1","75f505df4",7,3,14,6,3,5,31,"0","0","1",6,"4"
"0","75f505df4",7,3,28,6,3,5,31,"0","0","1",6,"4"
"0","75f505df4",7,3,7,6,3,5,31,"0","0","1",0,"4"
"0","75f505df4",7,3,53,6,3,5,31,"0","0","1",6,"4"
"1","75f505df4",7,3,34,6,3,5,31,"0","0","1",9,"4"
"1","247d706e0",8,4,61,6,1,5,2,"1","0","1",15,"4"
"1","247d706e0",8,4,26,6,1,5,2,"1","0","1",14,"4"
"0","247d706e0",8,4,56,6,1,5,2,"1","0","1",15,"4"
"0","247d706e0",8,4,17,6,1,5,2,"1","0","1",10,"4"
"1","247d706e0",8,4,35,6,1,5,2,"1","0","1",14,"4"
"1","247d706e0",8,4,24,6,1,5,2,"1","0","1",13,"4"
"0","6f541403e",5,0,61,2,0,2,30,"0","0","1",9,"4"
"0","6f541403e",5,0,42,2,0,2,30,"0","0","1",15,"4"
"0","37731f46d",5,0,8,5,3,2,26,"0","0","1",1,"4"
"0","37731f46d",5,0,5,5,3,2,26,"0","0","1",0,"4"
"0","37731f46d",5,0,67,5,3,2,26,"0","0","1",11,"4"
"0","37731f46d",5,0,29,5,3,2,26,"0","0","1",12,"4"
"0","37731f46d",5,0,0,5,3,2,26,"0","0","1",0,"4"
"1","235cbd214",3,1,25,1,0,1,30,"0","0","1",9,"4"
"0","447e3446f",5,0,58,1,0,2,30,"0","0","0",6,"2"
"1","e3a9c8aba",7,1,65,2,0,3,31,"1","0","1",21,"4"
"0","e3a9c8aba",7,1,57,2,0,3,31,"1","0","1",16,"4"
"0","78711dc54",4,1,30,3,1,2,8,"0","0","1",17,"4"
"1","78711dc54",4,1,29,3,1,2,8,"0","0","1",17,"4"
"0","78711dc54",4,1,3,3,1,2,8,"0","0","1",0,"4"
"0","53659cebb",5,0,55,1,0,3,30,"0","0","1",21,"4"
"1","5e7506413",7,1,55,2,0,4,30,"0","0","1",15,"4"
"0","5e7506413",7,1,60,2,0,4,30,"0","0","1",17,"4"
"0","5f1665f1d",9,1,7,4,1,4,6,"0","0","1",0,"4"
"1","5f1665f1d",9,1,40,4,1,4,6,"0","0","1",6,"4"
"0","5f1665f1d",9,1,58,4,1,4,6,"0","0","1",1,"4"
"0","5f1665f1d",9,1,24,4,1,4,6,"0","0","1",7,"4"
"1","f209c8c27",6,2,19,3,1,3,21,"0","0","1",12,"4"
"0","f209c8c27",6,2,55,3,1,3,21,"0","0","1",17,"4"
"1","f209c8c27",6,2,68,3,1,3,21,"0","0","1",6,"4"
"1","b8adfe034",4,2,36,2,1,2,31,"1","0","1",8,"4"
"1","b8adfe034",4,2,12,2,1,2,31,"1","0","1",6,"4"
"0","1cd853db3",5,2,49,4,0,3,30,"0","0","1",8,"4"
"0","1cd853db3",5,2,20,4,0,3,30,"0","0","1",11,"4"
"1","1cd853db3",5,2,59,4,0,3,30,"0","0","1",6,"4"
"1","1cd853db3",5,2,29,4,0,3,30,"0","0","1",12,"4"
"1","4c50bf7e4",4,1,72,2,0,2,31,"0","0","1",6,"2"
"0","4c50bf7e4",4,1,54,2,0,2,31,"0","0","1",6,"2"
"1","fbe69128f",5,1,47,2,0,3,31,"1","0","1",15,"4"
"0","fbe69128f",5,1,70,2,0,3,31,"1","0","1",9,"4"
"1","59031eea1",5,1,57,3,0,3,30,"0","0","1",6,"4"
"0","59031eea1",5,1,63,3,0,3,30,"0","0","1",6,"4"
"0","59031eea1",5,1,32,3,0,3,30,"0","0","1",15,"4"
"1","9e616a0fa",6,4,28,5,1,4,4,"0","0","1",9,"4"
"1","9e616a0fa",6,4,52,5,1,4,4,"0","0","1",11,"4"
"0","9e616a0fa",6,4,48,5,1,4,4,"0","0","1",8,"4"
"1","9e616a0fa",6,4,24,5,1,4,4,"0","0","1",11,"4"
"1","9e616a0fa",6,4,11,5,1,4,4,"0","0","1",4,"4"
"1","778919bcb",4,2,55,3,0,2,30,"0","0","1",9,"4"
"1","778919bcb",4,2,29,3,0,2,30,"0","0","1",8,"4"
"0","778919bcb",4,2,54,3,0,2,30,"0","0","1",6,"4"
"1","10949c36b",4,1,66,2,0,2,29,"0","0","1",1,"4"
"0","10949c36b",4,1,85,2,0,2,29,"0","0","1",1,"4"
"1","06804be1b",5,4,12,5,3,3,18,"0","0","1",5,"4"
"0","06804be1b",5,4,38,5,3,3,18,"0","0","1",7,"4"
"1","06804be1b",5,4,17,5,3,3,18,"0","0","1",9,"4"
"1","06804be1b",5,4,39,5,3,3,18,"0","0","1",6,"4"
"1","06804be1b",5,4,18,5,3,3,18,"0","0","1",11,"4"
"1","3641ce2d1",4,1,81,2,0,1,29,"0","1","1",1,"2"
"0","3641ce2d1",4,1,73,2,0,1,29,"0","0","1",3,"2"
"1","daafc1281",5,3,17,4,2,3,31,"0","0","1",10,"2"
"1","daafc1281",5,3,46,4,2,3,31,"0","0","1",6,"3"
"1","daafc1281",5,3,19,4,2,3,31,"0","0","1",6,"3"
"0","daafc1281",5,3,45,4,2,3,31,"0","0","1",6,"3"
"0","f62f54f9e",3,1,21,3,0,2,30,"0","0","1",11,"4"
"1","f62f54f9e",3,1,23,3,0,2,30,"0","0","1",11,"4"
"0","f62f54f9e",3,1,43,3,0,2,30,"0","0","1",9,"4"
"0","362fd099b",5,1,62,4,2,3,31,"0","0","1",6,"1"
"0","362fd099b",5,1,11,4,2,3,31,"0","0","1",4,"1"
"1","362fd099b",5,1,23,4,2,3,31,"0","0","1",13,"1"
"0","362fd099b",5,1,9,4,2,3,31,"0","0","1",2,"1"
"0","c42c5760e",6,3,18,5,3,4,26,"0","0","1",11,"4"
"0","c42c5760e",6,3,20,5,3,4,26,"0","0","1",3,"4"
"1","c42c5760e",6,3,67,5,3,4,26,"0","0","1",4,"4"
"1","c42c5760e",6,3,16,5,3,4,26,"0","0","1",6,"4"
"1","c42c5760e",6,3,2,5,3,4,26,"0","0","1",0,"4"
"0","1239df1cc",3,3,34,4,2,2,31,"0","0","1",9,"4"
"1","1239df1cc",3,3,13,4,2,2,31,"0","0","1",6,"4"
"1","1239df1cc",3,3,18,4,2,2,31,"0","0","1",6,"4"
"1","1239df1cc",3,3,37,4,2,2,31,"0","0","1",9,"4"
"1","2cf8c814f",3,1,76,1,0,2,29,"1","0","1",17,"4"
"1","b3a0fd87e",7,1,63,3,0,3,30,"1","0","1",17,"4"
"0","b3a0fd87e",7,1,60,3,0,3,30,"1","0","1",17,"4"
"0","b3a0fd87e",7,1,22,3,0,3,30,"1","0","1",14,"4"
"1","7968d49d0",8,4,61,7,2,5,12,"0","0","1",6,"4"
"0","7968d49d0",8,4,55,7,2,5,12,"0","0","1",6,"4"
"1","7968d49d0",8,4,16,7,2,5,12,"0","0","1",6,"4"
"0","7968d49d0",8,4,58,7,2,5,12,"0","0","1",6,"4"
"0","7968d49d0",8,4,94,7,2,5,12,"0","0","1",3,"4"
"1","7968d49d0",8,4,24,7,2,5,12,"0","0","1",11,"4"
"1","7968d49d0",8,4,19,7,2,5,12,"0","0","1",11,"4"
"1","fd10905bc",4,1,21,4,1,3,31,"0","0","1",8,"2"
"0","fd10905bc",4,1,85,4,1,3,31,"0","1","1",0,"2"
"0","fd10905bc",4,1,8,4,1,3,31,"0","0","1",1,"2"
"0","fd10905bc",4,1,36,4,1,3,31,"0","0","1",5,"2"
"0","87d4fc249",7,1,75,2,0,3,29,"0","0","1",11,"4"
"1","87d4fc249",7,1,73,2,0,3,29,"0","0","1",14,"4"
"1","1d644ed80",8,1,11,4,2,3,21,"1","0","1",4,"4"
"0","1d644ed80",8,1,41,4,2,3,21,"1","0","1",17,"4"
"0","1d644ed80",8,1,4,4,2,3,21,"1","0","1",0,"4"
"0","f525a50fb",6,1,6,3,1,3,8,"0","0","1",0,"4"
"1","f525a50fb",6,1,46,3,1,3,8,"0","0","1",21,"4"
"0","f525a50fb",6,1,47,3,1,3,8,"0","0","1",14,"4"
"0","3a50d6d95",7,0,69,1,0,3,29,"0","0","1",12,"4"
"1","311198ced",5,2,55,3,0,2,30,"0","0","1",17,"4"
"0","311198ced",5,2,60,3,0,2,30,"0","0","1",17,"4"
"1","311198ced",5,2,20,3,0,2,30,"0","0","1",13,"4"
"0","2d8493ec0",6,2,63,3,0,2,8,"0","0","1",6,"4"
"1","2d8493ec0",6,2,70,3,0,2,8,"0","0","1",15,"4"
"1","2d8493ec0",6,2,30,3,0,2,8,"0","0","1",14,"4"
"1","b64f4194f",11,1,48,2,0,8,30,"0","1","1",9,"4"
"0","b64f4194f",11,1,52,2,0,8,30,"0","0","1",7,"4"
"0","48446f702",11,0,28,1,0,8,30,"0","0","1",11,"4"
"1","17f5db873",11,1,24,1,0,8,30,"0","0","1",11,"4"
"1","f3f860f58",6,2,48,3,1,2,8,"1","0","1",15,"4"
"1","f3f860f58",6,2,10,3,1,2,8,"1","0","1",4,"4"
"0","f3f860f58",6,2,40,3,1,2,8,"1","0","1",15,"4"
"1","4d6c3f4af",9,1,51,1,0,4,30,"1","0","1",12,"4"
"0","53dc04233",6,2,66,3,0,3,21,"0","0","1",15,"4"
"1","53dc04233",6,2,67,3,0,3,21,"0","1","1",14,"4"
"1","53dc04233",6,2,27,3,0,3,21,"0","0","1",14,"4"
"1","ff31b984b",7,1,75,3,1,3,29,"0","1","1",14,"4"
"0","ff31b984b",7,1,65,3,1,3,29,"0","0","1",15,"4"
"0","ff31b984b",7,1,13,3,1,3,29,"0","0","1",6,"4"
"1","3f6eb55ad",2,1,44,2,0,1,31,"0","0","1",11,"2"
"0","3f6eb55ad",2,1,83,2,0,1,31,"0","1","1",3,"2"
"1","e8725f7cb",4,2,0,4,1,2,24,"0","0","1",0,"4"
"1","e8725f7cb",4,2,73,4,1,2,24,"0","1","1",6,"4"
"0","e8725f7cb",4,2,68,4,1,2,24,"0","0","1",0,"4"
"0","e8725f7cb",4,2,37,4,1,2,24,"0","0","1",12,"4"
"1","56689a31a",4,1,36,3,0,2,30,"0","0","1",6,"4"
"0","56689a31a",4,1,23,3,0,2,30,"0","0","1",7,"4"
"0","56689a31a",4,1,59,3,0,2,30,"0","0","1",3,"4"
"1","6db9fb060",4,1,53,2,0,1,31,"0","0","1",3,"3"
"0","6db9fb060",4,1,84,2,0,1,31,"0","0","1",5,"3"
"1","06dba0576",4,3,29,5,2,2,10,"0","0","1",11,"4"
"1","06dba0576",4,3,1,5,2,2,10,"0","0","1",0,"4"
"1","06dba0576",4,3,36,5,2,2,10,"0","0","1",5,"4"
"0","06dba0576",4,3,7,5,2,2,10,"0","0","1",0,"4"
"0","06dba0576",4,3,25,5,2,2,10,"0","0","1",11,"4"
"0","5dbf9fa26",3,1,8,4,2,1,31,"0","0","1",2,"4"
"1","5dbf9fa26",3,1,38,4,2,1,31,"0","0","1",11,"4"
"0","5dbf9fa26",3,1,7,4,2,1,31,"0","0","1",0,"4"
"0","5dbf9fa26",3,1,37,4,2,1,31,"0","0","1",6,"4"
"1","c80a8d026",7,1,24,4,0,4,30,"1","0","1",11,"4"
"0","c80a8d026",7,1,22,4,0,4,30,"1","0","1",11,"4"
"0","c80a8d026",7,1,23,4,0,4,30,"1","0","1",12,"4"
"0","c80a8d026",7,1,52,4,0,4,30,"1","0","1",13,"4"
"1","cd0157ab9",5,2,68,4,0,3,31,"0","0","1",11,"4"
"1","cd0157ab9",5,2,55,4,0,3,31,"0","0","1",14,"4"
"0","cd0157ab9",5,2,90,4,0,3,31,"0","1","1",2,"4"
"0","cd0157ab9",5,2,64,4,0,3,31,"0","1","1",0,"4"
"1","d4283f728",6,1,77,2,0,3,29,"0","1","1",7,"4"
"0","d4283f728",6,1,75,2,0,3,29,"0","1","1",6,"4"
"1","a944ce6f8",5,2,3,3,1,3,8,"1","0","1",0,"4"
"0","a944ce6f8",5,2,33,3,1,3,8,"1","0","1",16,"4"
"1","a944ce6f8",5,2,40,3,1,3,8,"1","0","1",15,"4"
"0","347ca480a",5,1,20,3,0,3,30,"0","0","1",6,"4"
"0","347ca480a",5,1,37,3,0,3,30,"0","0","1",6,"4"
"1","347ca480a",5,1,24,3,0,3,30,"0","0","1",11,"4"
"0","249f9ffa4",4,1,55,2,0,2,30,"0","0","1",10,"4"
"1","249f9ffa4",4,1,60,2,0,2,30,"0","0","1",10,"4"
"1","27a4747da",4,1,30,1,0,1,30,"1","0","1",14,"4"
"1","91fc4c109",6,1,62,1,0,3,30,"0","0","1",15,"4"
"0","be07eda33",7,1,32,2,0,2,30,"0","0","1",14,"4"
"1","be07eda33",7,1,35,2,0,2,30,"0","0","1",9,"4"
"0","b03e62236",4,1,20,4,1,2,6,"0","0","1",11,"2"
"0","b03e62236",4,1,60,4,1,2,6,"0","0","1",11,"2"
"0","b03e62236",4,1,18,4,1,2,6,"0","0","1",7,"2"
"1","b03e62236",4,1,55,4,1,2,6,"0","0","1",6,"2"
"1","9f313f493",8,3,28,7,2,4,7,"1","0","1",6,"4"
"1","9f313f493",8,3,17,7,2,4,7,"1","0","1",6,"4"
"0","9f313f493",8,3,20,7,2,4,7,"1","0","1",11,"4"
"0","9f313f493",8,3,4,7,2,4,7,"1","0","1",0,"4"
"1","9f313f493",8,3,44,7,2,4,7,"1","0","1",11,"4"
"0","9f313f493",8,3,43,7,2,4,7,"1","0","1",15,"4"
"0","9f313f493",8,3,23,7,2,4,7,"1","0","1",10,"4"
"0","ea4957b4a",5,1,62,2,0,3,31,"0","0","1",6,"4"
"1","ea4957b4a",5,1,66,2,0,3,31,"0","0","1",10,"4"
"0","1670445b9",3,0,70,1,0,1,29,"0","0","1",6,"4"
"0","eaf319a82",3,0,61,1,0,1,30,"0","1","1",3,"2"
"1","dc0da7d89",5,2,20,2,1,3,31,"0","0","1",11,"4"
"1","dc0da7d89",5,2,18,2,1,3,31,"0","0","1",9,"4"
"0","43594ebab",6,2,32,5,1,3,10,"1","0","1",11,"4"
"0","43594ebab",6,2,57,5,1,3,10,"1","0","1",11,"4"
"1","43594ebab",6,2,23,5,1,3,10,"1","0","1",11,"4"
"1","43594ebab",6,2,72,5,1,3,10,"1","0","1",6,"4"
"0","43594ebab",6,2,11,5,1,3,10,"1","0","1",5,"4"
"0","4b64b46f5",4,1,20,3,0,3,30,"0","0","1",12,"4"
"1","4b64b46f5",4,1,54,3,0,3,30,"0","1","1",6,"4"
"0","4b64b46f5",4,1,48,3,0,3,30,"0","0","1",9,"4"
"1","dc6ff5bb5",8,2,65,4,0,5,6,"0","0","1",7,"4"
"0","dc6ff5bb5",8,2,60,4,0,5,6,"0","0","1",9,"4"
"1","dc6ff5bb5",8,2,26,4,0,5,6,"0","0","1",10,"4"
"0","dc6ff5bb5",8,2,29,4,0,5,6,"0","0","1",11,"4"
"0","0fb516a6a",5,2,30,4,2,3,31,"0","0","1",11,"4"
"1","0fb516a6a",5,2,5,4,2,3,31,"0","0","1",0,"4"
"1","0fb516a6a",5,2,34,4,2,3,31,"0","0","1",11,"4"
"0","0fb516a6a",5,2,10,4,2,3,31,"0","0","1",3,"4"
"0","4ea154bc1",4,1,30,3,1,2,8,"0","0","1",11,"3"
"1","4ea154bc1",4,1,42,3,1,2,8,"0","0","1",6,"3"
"0","4ea154bc1",4,1,5,3,1,2,8,"0","0","1",0,"3"
"0","2e8b3463c",5,3,28,7,3,3,12,"0","0","1",12,"4"
"0","2e8b3463c",5,3,44,7,3,3,12,"0","0","1",9,"4"
"1","2e8b3463c",5,3,35,7,3,3,12,"0","0","1",11,"4"
"0","2e8b3463c",5,3,3,7,3,3,12,"0","0","1",0,"4"
"1","2e8b3463c",5,3,56,7,3,3,12,"0","0","1",8,"4"
"0","2e8b3463c",5,3,10,7,3,3,12,"0","0","1",4,"4"
"1","2e8b3463c",5,3,10,7,3,3,12,"0","0","1",4,"4"
"1","3bc82710c",6,2,29,2,0,2,30,"0","0","1",10,"4"
"1","3bc82710c",6,2,31,2,0,2,30,"0","0","1",9,"4"
"0","371cc5e17",8,1,35,4,1,5,6,"0","0","1",11,"4"
"0","371cc5e17",8,1,46,4,1,5,6,"0","0","1",11,"4"
"1","371cc5e17",8,1,8,4,1,5,6,"0","0","1",2,"4"
"0","371cc5e17",8,1,24,4,1,5,6,"0","0","1",16,"4"
"0","6af8c1c50",6,3,45,4,2,4,31,"0","0","1",11,"4"
"1","6af8c1c50",6,3,9,4,2,4,31,"0","0","1",2,"4"
"1","6af8c1c50",6,3,7,4,2,4,31,"0","0","1",1,"4"
"1","6af8c1c50",6,3,46,4,2,4,31,"0","0","1",6,"4"
"1","b1951fcb7",4,2,22,2,0,2,30,"0","0","1",11,"4"
"1","b1951fcb7",4,2,51,2,0,2,30,"0","0","1",16,"4"
"0","faa3a287f",3,0,42,1,0,1,30,"0","0","1",17,"4"
"1","04b02301b",11,2,25,3,0,4,8,"1","0","1",14,"4"
"1","04b02301b",11,2,39,3,0,4,8,"1","0","1",13,"4"
"0","04b02301b",11,2,69,3,0,4,8,"1","0","1",6,"4"
"0","49215c8ae",4,2,49,3,1,2,8,"0","0","1",0,"4"
"1","49215c8ae",4,2,17,3,1,2,8,"0","0","1",6,"4"
"1","49215c8ae",4,2,58,3,1,2,8,"0","0","1",8,"4"
"1","5df0035ba",5,2,60,4,1,3,6,"0","0","1",11,"4"
"1","5df0035ba",5,2,18,4,1,3,6,"0","0","1",7,"4"
"0","5df0035ba",5,2,58,4,1,3,6,"0","0","1",9,"4"
"0","5df0035ba",5,2,34,4,1,3,6,"0","0","1",7,"4"
"1","1480909ff",8,1,47,3,0,2,30,"0","0","1",6,"4"
"0","1480909ff",8,1,26,3,0,2,30,"0","0","1",11,"4"
"0","1480909ff",8,1,48,3,0,2,30,"0","0","1",6,"4"
"0","3d89b64ce",5,0,82,2,0,2,31,"0","1","1",3,"2"
"0","3d89b64ce",5,0,52,2,0,2,31,"0","0","1",8,"2"
"1","71f92b58d",6,1,14,4,1,4,6,"0","0","1",7,"4"
"0","71f92b58d",6,1,23,4,1,4,6,"0","0","1",11,"4"
"0","71f92b58d",6,1,21,4,1,4,6,"0","0","1",11,"4"
"0","71f92b58d",6,1,46,4,1,4,6,"0","0","1",8,"4"
"0","f85fc9f64",6,3,13,6,2,4,8,"0","0","1",6,"4"
"0","f85fc9f64",6,3,19,6,2,4,8,"0","0","1",10,"4"
"0","f85fc9f64",6,3,49,6,2,4,8,"0","0","1",6,"4"
"1","f85fc9f64",6,3,23,6,2,4,8,"0","0","1",15,"4"
"1","f85fc9f64",6,3,25,6,2,4,8,"0","0","1",13,"4"
"1","f85fc9f64",6,3,44,6,2,4,8,"0","0","1",6,"4"
"0","6163ea6ed",4,2,40,4,0,3,30,"1","0","0",15,"4"
"1","6163ea6ed",4,2,64,4,0,3,30,"1","0","0",9,"4"
"1","6163ea6ed",4,2,41,4,0,3,30,"1","0","0",16,"4"
"0","6163ea6ed",4,2,63,4,0,3,30,"1","0","0",6,"4"
"1","7b2cce7ab",4,2,9,3,1,2,8,"0","0","1",2,"4"
"0","7b2cce7ab",4,2,24,3,1,2,8,"0","0","1",6,"4"
"1","7b2cce7ab",4,2,40,3,1,2,8,"0","0","1",6,"4"
"1","39d5e5817",4,2,37,3,1,2,8,"1","0","1",18,"4"
"0","39d5e5817",4,2,35,3,1,2,8,"1","0","1",17,"4"
"1","39d5e5817",4,2,2,3,1,2,8,"1","0","1",0,"4"
"0","30301d100",6,0,69,1,0,3,29,"0","0","1",11,"4"
"1","0fa41d365",5,3,18,4,3,2,24,"0","0","1",10,"3"
"1","0fa41d365",5,3,14,4,3,2,24,"0","0","1",6,"3"
"1","0fa41d365",5,3,10,4,3,2,24,"0","0","1",4,"3"
"0","0fa41d365",5,3,39,4,3,2,24,"0","0","1",11,"3"
"0","74dfad4da",7,1,40,2,1,3,31,"0","0","1",9,"4"
"1","74dfad4da",7,1,10,2,1,3,31,"0","0","1",3,"4"
"0","6f3cd6756",5,1,33,4,2,2,31,"0","0","1",11,"4"
"1","6f3cd6756",5,1,30,4,2,2,31,"0","0","1",15,"4"
"0","6f3cd6756",5,1,5,4,2,2,31,"0","0","1",0,"4"
"0","6f3cd6756",5,1,13,4,2,2,31,"0","0","1",6,"4"
"1","7b34d920f",5,2,22,3,1,3,8,"0","0","1",10,"1"
"0","7b34d920f",5,2,53,3,1,3,8,"0","0","1",14,"1"
"1","7b34d920f",5,2,18,3,1,3,8,"0","0","1",8,"1"
"0","573526e69",3,2,4,4,3,2,24,"0","0","1",0,"1"
"1","573526e69",3,2,7,4,3,2,24,"0","0","1",0,"1"
"1","573526e69",3,2,8,4,3,2,24,"0","0","1",1,"1"
"0","573526e69",3,2,31,4,3,2,24,"0","0","1",7,"1"
"1","d9bb7c815",7,2,32,3,0,4,30,"1","0","1",11,"4"
"0","d9bb7c815",7,2,54,3,0,4,30,"1","0","1",9,"4"
"1","d9bb7c815",7,2,26,3,0,4,30,"1","0","1",14,"4"
"0","9c7f9fa85",5,3,69,5,1,3,10,"0","0","1",6,"4"
"0","9c7f9fa85",5,3,35,5,1,3,10,"0","0","1",11,"4"
"1","9c7f9fa85",5,3,0,5,1,3,10,"0","0","1",0,"4"
"1","9c7f9fa85",5,3,45,5,1,3,10,"0","0","1",17,"4"
"1","9c7f9fa85",5,3,33,5,1,3,10,"0","0","1",11,"4"
"1","5f92b379b",2,2,8,3,2,1,21,"0","0","1",1,"1"
"1","5f92b379b",2,2,3,3,2,1,21,"0","0","1",0,"1"
"0","5f92b379b",2,2,30,3,2,1,21,"0","0","1",5,"1"
"0","27192a2de",2,1,50,2,0,1,30,"0","0","1",5,"2"
"1","27192a2de",2,1,22,2,0,1,30,"0","0","1",5,"2"
"0","01c6fcb6e",3,0,70,1,0,1,29,"0","0","1",6,"3"
"1","c4fb8924e",6,4,19,7,3,4,12,"0","0","1",6,"3"
"0","c4fb8924e",6,4,23,7,3,4,12,"0","0","1",6,"3"
"1","c4fb8924e",6,4,35,7,3,4,12,"0","0","1",0,"3"
"1","c4fb8924e",6,4,25,7,3,4,12,"0","0","1",6,"3"
"1","c4fb8924e",6,4,18,7,3,4,12,"0","0","1",9,"3"
"0","c4fb8924e",6,4,16,7,3,4,12,"0","0","1",6,"3"
"0","c4fb8924e",6,4,46,7,3,4,12,"0","0","1",2,"3"
"1","5a306db94",5,2,52,3,1,3,8,"0","0","1",11,"4"
"0","5a306db94",5,2,48,3,1,3,8,"0","0","1",11,"4"
"1","5a306db94",5,2,18,3,1,3,8,"0","0","1",9,"4"
"1","3a765616f",7,3,11,4,2,4,31,"0","0","1",4,"4"
"1","3a765616f",7,3,16,4,2,4,31,"0","0","1",10,"4"
"1","3a765616f",7,3,41,4,2,4,31,"0","0","1",6,"4"
"0","3a765616f",7,3,41,4,2,4,31,"0","0","1",15,"4"
"0","fdf19ce0c",6,0,34,1,0,3,30,"0","0","1",15,"4"
"1","df451f619",1,1,83,1,0,1,29,"0","0","1",2,"4"
"1","3bb904dac",4,1,54,1,0,2,30,"0","0","1",8,"4"
"1","a6fa5d237",4,1,29,2,0,2,30,"0","0","1",11,"4"
"0","a6fa5d237",4,1,62,2,0,2,30,"0","0","1",5,"4"
"0","a382bbff2",5,0,68,1,0,2,29,"0","0","1",15,"4"
"1","d0c2026c3",4,2,11,6,4,4,21,"0","0","1",3,"2"
"0","d0c2026c3",4,2,1,6,4,4,21,"0","0","1",0,"2"
"0","d0c2026c3",4,2,16,6,4,4,21,"0","0","1",8,"2"
"0","d0c2026c3",4,2,33,6,4,4,21,"0","0","1",6,"2"
"1","d0c2026c3",4,2,37,6,4,4,21,"0","0","1",9,"2"
"0","d0c2026c3",4,2,6,6,4,4,21,"0","0","1",0,"2"
"1","b0edfcbec",3,1,45,3,1,2,8,"1","0","1",16,"4"
"0","b0edfcbec",3,1,43,3,1,2,8,"1","0","1",15,"4"
"0","b0edfcbec",3,1,2,3,1,2,8,"1","0","1",0,"4"
"0","0d2895839",4,2,31,4,1,2,6,"0","0","1",6,"4"
"0","0d2895839",4,2,9,4,1,2,6,"0","0","1",1,"4"
"1","0d2895839",4,2,26,4,1,2,6,"0","0","1",9,"4"
"1","0d2895839",4,2,33,4,1,2,6,"0","0","1",9,"4"
"1","822c39334",3,2,4,3,1,2,8,"0","0","1",0,"3"
"1","822c39334",3,2,31,3,1,2,8,"0","0","1",8,"3"
"0","822c39334",3,2,26,3,1,2,8,"0","0","1",11,"3"
"1","ea0f0bfe7",5,2,24,5,2,2,10,"0","0","1",6,"2"
"0","ea0f0bfe7",5,2,22,5,2,2,10,"0","0","1",6,"2"
"1","ea0f0bfe7",5,2,2,5,2,2,10,"0","0","1",0,"2"
"0","ea0f0bfe7",5,2,56,5,2,2,10,"0","0","1",6,"2"
"0","ea0f0bfe7",5,2,3,5,2,2,10,"0","0","1",0,"2"
"0","103b36040",4,2,44,3,0,2,30,"0","0","1",8,"4"
"1","103b36040",4,2,23,3,0,2,30,"0","0","1",5,"4"
"1","103b36040",4,2,53,3,0,2,30,"0","0","1",6,"4"
"1","3be430e4c",2,1,73,1,0,1,29,"0","0","1",5,"3"
"0","38633b9d7",4,2,42,4,2,2,31,"0","0","1",2,"3"
"1","38633b9d7",4,2,63,4,2,2,31,"0","0","1",5,"3"
"1","38633b9d7",4,2,12,4,2,2,31,"0","0","1",4,"3"
"0","38633b9d7",4,2,18,4,2,2,31,"0","0","1",9,"3"
"1","63edd2d28",6,1,61,2,0,3,31,"0","0","1",11,"4"
"0","63edd2d28",6,1,66,2,0,3,31,"0","0","1",16,"4"
"1","615188ceb",5,2,32,4,2,2,31,"0","0","1",6,"4"
"1","615188ceb",5,2,6,4,2,2,31,"0","0","1",0,"4"
"0","615188ceb",5,2,28,4,2,2,31,"0","0","1",9,"4"
"0","615188ceb",5,2,8,4,2,2,31,"0","0","1",1,"4"
"1","7ea80dd5c",3,1,10,2,1,2,31,"0","0","1",2,"4"
"0","7ea80dd5c",3,1,34,2,1,2,31,"0","1","1",7,"4"
"1","a7e9ff638",5,1,63,3,0,3,8,"0","0","1",0,"3"
"0","a7e9ff638",5,1,42,3,0,3,8,"0","1","1",9,"3"
"0","a7e9ff638",5,1,67,3,0,3,8,"0","0","1",2,"3"
"1","f25944170",3,1,68,2,0,1,31,"0","0","1",6,"4"
"0","f25944170",3,1,59,2,0,1,31,"0","0","1",6,"4"
"0","29b2e94c1",6,0,48,3,1,3,8,"0","0","1",10,"4"
"0","29b2e94c1",6,0,30,3,1,3,8,"0","0","1",15,"4"
"0","29b2e94c1",6,0,16,3,1,3,8,"0","0","1",9,"4"
"0","e19b2d06e",4,1,1,3,1,3,8,"0","0","1",0,"4"
"0","e19b2d06e",4,1,30,3,1,3,8,"0","0","1",15,"4"
"1","e19b2d06e",4,1,37,3,1,3,8,"0","0","1",11,"4"
"0","d9db795e1",6,1,41,3,1,4,8,"1","0","1",14,"4"
"1","d9db795e1",6,1,33,3,1,4,8,"1","0","1",14,"4"
"0","d9db795e1",6,1,7,3,1,4,8,"1","0","1",0,"4"
"1","5e2f7c123",4,1,23,2,0,2,30,"0","0","1",8,"4"
"0","5e2f7c123",4,1,53,2,0,2,30,"0","0","1",11,"4"
"0","ec4cded9c",5,0,31,2,0,3,30,"1","0","1",15,"4"
"0","ec4cded9c",5,0,60,2,0,3,30,"1","0","1",11,"4"
"0","36970d078",5,1,25,3,0,3,30,"1","0","1",15,"4"
"0","36970d078",5,1,57,3,0,3,30,"1","0","1",11,"4"
"1","36970d078",5,1,59,3,0,3,30,"1","0","1",11,"4"
"1","4da8d7688",3,1,49,1,0,2,30,"0","0","1",5,"4"
"0","9428c977a",4,1,4,4,2,2,31,"0","0","1",0,"1"
"0","9428c977a",4,1,26,4,2,2,31,"0","0","1",9,"1"
"0","9428c977a",4,1,1,4,2,2,31,"0","0","1",0,"1"
"1","9428c977a",4,1,35,4,2,2,31,"0","0","1",7,"1"
"0","f1a9eef39",4,2,13,5,3,2,18,"0","0","1",6,"2"
"0","f1a9eef39",4,2,36,5,3,2,18,"0","0","1",7,"2"
"1","f1a9eef39",4,2,16,5,3,2,18,"0","0","1",9,"2"
"1","f1a9eef39",4,2,38,5,3,2,18,"0","0","1",11,"2"
"0","f1a9eef39",4,2,19,5,3,2,18,"0","0","1",6,"2"
"0","4763d124b",7,4,45,5,1,4,10,"0","0","1",10,"4"
"1","4763d124b",7,4,76,5,1,4,10,"0","0","1",4,"4"
"1","4763d124b",7,4,15,5,1,4,10,"0","0","1",9,"4"
"1","4763d124b",7,4,48,5,1,4,10,"0","0","1",7,"4"
"1","4763d124b",7,4,54,5,1,4,10,"0","0","1",7,"4"
"0","275a2657a",4,2,51,3,1,2,8,"1","0","1",15,"4"
"1","275a2657a",4,2,40,3,1,2,8,"1","0","1",9,"4"
"1","275a2657a",4,2,15,3,1,2,8,"1","0","1",9,"4"
"0","d3f306857",5,0,24,2,0,3,30,"0","0","1",13,"4"
"0","d3f306857",5,0,62,2,0,3,30,"0","0","1",6,"4"
"0","09d748e5f",5,4,46,6,2,3,8,"0","0","1",10,"3"
"1","09d748e5f",5,4,14,6,2,3,8,"0","0","1",8,"3"
"1","09d748e5f",5,4,47,6,2,3,8,"0","0","1",6,"3"
"1","09d748e5f",5,4,12,6,2,3,8,"0","0","1",5,"3"
"0","09d748e5f",5,4,20,6,2,3,8,"0","0","1",7,"3"
"1","09d748e5f",5,4,20,6,2,3,8,"0","0","1",12,"3"
"0","e89441a8a",6,1,27,4,2,3,31,"1","0","1",14,"2"
"1","e89441a8a",6,1,16,4,2,3,31,"1","0","1",6,"2"
"0","e89441a8a",6,1,7,4,2,3,31,"1","0","1",0,"2"
"0","e89441a8a",6,1,46,4,2,3,31,"1","0","1",9,"2"
"0","ac67324c2",8,1,16,3,1,5,21,"1","0","1",10,"4"
"0","ac67324c2",8,1,55,3,1,5,21,"1","0","1",11,"4"
"1","ac67324c2",8,1,66,3,1,5,21,"1","0","1",11,"4"
"0","fe7dbf4cc",6,1,62,3,0,3,30,"0","0","1",6,"4"
"0","fe7dbf4cc",6,1,60,3,0,3,30,"0","0","1",6,"4"
"1","fe7dbf4cc",6,1,34,3,0,3,30,"0","0","1",17,"4"
"0","0a90e8c3f",7,0,31,1,0,2,30,"0","0","1",16,"4"
"0","baa2ebe78",3,1,34,3,0,3,30,"0","0","1",17,"4"
"1","baa2ebe78",3,1,53,3,0,3,30,"0","0","1",11,"4"
"0","baa2ebe78",3,1,57,3,0,3,30,"0","0","1",16,"4"
"1","5585d28a9",5,1,13,3,1,3,8,"0","0","1",6,"4"
"0","5585d28a9",5,1,23,3,1,3,8,"0","0","1",14,"4"
"0","5585d28a9",5,1,53,3,1,3,8,"0","0","1",16,"4"
"1","0e7f79b84",9,2,19,5,2,4,10,"1","0","1",12,"4"
"1","0e7f79b84",9,2,48,5,2,4,10,"1","0","1",11,"4"
"0","0e7f79b84",9,2,17,5,2,4,10,"1","0","1",9,"4"
"0","0e7f79b84",9,2,21,5,2,4,10,"1","0","1",15,"4"
"0","0e7f79b84",9,2,49,5,2,4,10,"1","0","1",14,"4"
"0","463d89601",5,1,22,3,1,3,8,"1","0","1",14,"4"
"0","463d89601",5,1,51,3,1,3,8,"1","0","1",12,"4"
"1","463d89601",5,1,19,3,1,3,8,"1","0","1",9,"4"
"0","b63c1f422",6,2,28,3,2,4,21,"0","0","1",14,"4"
"1","b63c1f422",6,2,5,3,2,4,21,"0","0","1",0,"4"
"1","b63c1f422",6,2,7,3,2,4,21,"0","0","1",1,"4"
"1","cd584e766",5,1,27,5,1,3,10,"0","0","1",8,"4"
"0","cd584e766",5,1,22,5,1,3,10,"0","0","1",12,"4"
"0","cd584e766",5,1,47,5,1,3,10,"0","0","1",8,"4"
"0","cd584e766",5,1,74,5,1,3,10,"0","0","1",2,"4"
"0","cd584e766",5,1,17,5,1,3,10,"0","0","1",10,"4"
"0","73d85d05d",5,0,37,2,1,3,31,"0","0","1",6,"2"
"0","73d85d05d",5,0,16,2,1,3,31,"0","1","1",8,"3"
"0","a1313caf6",5,2,70,3,0,3,21,"0","0","1",2,"3"
"1","a1313caf6",5,2,45,3,0,3,21,"0","0","1",9,"3"
"1","a1313caf6",5,2,74,3,0,3,21,"0","0","1",3,"3"
"1","4ec0576ea",5,3,24,4,0,3,30,"0","0","1",10,"3"
"1","4ec0576ea",5,3,30,4,0,3,30,"0","0","1",9,"3"
"0","4ec0576ea",5,3,48,4,0,3,30,"0","0","1",1,"3"
"1","4ec0576ea",5,3,22,4,0,3,30,"0","0","1",6,"3"
"0","307f046e7",4,0,16,2,1,2,31,"0","1","1",7,"2"
"0","307f046e7",4,0,44,2,1,2,31,"0","0","1",11,"2"
"0","0f2b13fba",4,1,72,2,0,2,31,"0","1","1",0,"4"
"1","0f2b13fba",4,1,55,2,0,2,31,"0","0","1",6,"4"
"1","ee0f95f07",4,1,20,2,0,2,30,"1","0","0",10,"4"
"0","ee0f95f07",4,1,46,2,0,2,30,"1","0","0",6,"4"
"1","0d62666ad",5,1,52,3,1,3,8,"0","0","1",7,"3"
"0","0d62666ad",5,1,52,3,1,3,8,"0","1","1",6,"3"
"0","0d62666ad",5,1,15,3,1,3,8,"0","1","1",7,"3"
"1","2848ab152",7,1,11,3,2,5,21,"0","0","1",3,"1"
"0","2848ab152",7,1,30,3,2,5,21,"0","0","1",6,"1"
"0","2848ab152",7,1,6,3,2,5,21,"0","0","1",0,"1"
"1","f54bc4b11",4,3,9,4,2,2,31,"0","0","1",2,"4"
"0","f54bc4b11",4,3,31,4,2,2,31,"0","0","1",12,"4"
"1","f54bc4b11",4,3,6,4,2,2,31,"0","0","1",0,"4"
"1","f54bc4b11",4,3,36,4,2,2,31,"0","0","1",12,"4"
"1","34bab1f1f",4,3,47,5,3,3,18,"0","0","1",6,"1"
"0","34bab1f1f",4,3,29,5,3,3,18,"0","0","1",11,"1"
"1","34bab1f1f",4,3,12,5,3,3,18,"0","0","1",5,"1"
"1","34bab1f1f",4,3,6,5,3,3,18,"0","0","1",0,"1"
"0","34bab1f1f",4,3,3,5,3,3,18,"0","0","1",0,"1"
"1","52cf8fe9d",4,3,46,4,0,2,30,"1","0","1",11,"4"
